ID,Url
0,https://dochoixedoc.vn/san-pham/bao-silicon-bao-ve-smartkey/
1,https://dochoixedoc.vn/san-pham/bao-tay-barracuda-chinh-hang/
2,https://dochoixedoc.vn/san-pham/bao-tay-barracuda-f1/
3,https://dochoixedoc.vn/san-pham/bao-tay-barracuda-cao-su-co-gu-alux-f1/
4,https://dochoixedoc.vn/san-pham/bao-tay-luon-gu-carbon-cao-cap-f1/
5,https://dochoixedoc.vn/san-pham/bao-tay-rizoma-lux-f1/
6,https://dochoixedoc.vn/san-pham/bao-tay-rizoma-sportline-f1/
7,https://dochoixedoc.vn/san-pham/bao-tay-rizoma-urlo-f1/
8,https://dochoixedoc.vn/san-pham/bao-tay-rizoma-2018-cao-cap-luon-gu-f1/
9,https://dochoixedoc.vn/san-pham/bao-tay-xe-may-spider-cao-cap-f1/
10,https://dochoixedoc.vn/san-pham/bo-op-carbon-gan-cho-shvn-2017-2018/
11,https://dochoixedoc.vn/san-pham/bo-tem-thong-so-sh-y/
12,https://dochoixedoc.vn/san-pham/boc-silicon-bao-ve-remote-smartkey-2-nut/
13,https://dochoixedoc.vn/san-pham/chan-chong-cnc-biker/
14,https://dochoixedoc.vn/san-pham/chan-kep-trang-dan-ao-co-dinh/
15,https://dochoixedoc.vn/san-pham/chan-kep-vang-dan-ao-co-dinh/
16,https://dochoixedoc.vn/san-pham/che-heo-dau-truoc-sh/
17,https://dochoixedoc.vn/san-pham/che-ket-nuoc-cnc-sh/
18,https://dochoixedoc.vn/san-pham/che-ket-nuoc-phi-tieu-cnc/
19,https://dochoixedoc.vn/san-pham/cong-tac-do-sh300i/
20,https://dochoixedoc.vn/san-pham/den-led-2-tang-exciter-150-2019-led-headlamp-sporty-for-exciter-150/
21,https://dochoixedoc.vn/san-pham/den-led-headlight-c6-sieu-sang/
22,https://dochoixedoc.vn/san-pham/den-mat-meo-den-phan-quang-xe-may-thuong-hieu-zhi-pat/
23,https://dochoixedoc.vn/san-pham/den-pha-led-2-tang-cho-sirius-fi-chinh-hang-zhi-pat/
24,https://dochoixedoc.vn/san-pham/dia-galfer-gan-cho-sh-size-zin/
25,https://dochoixedoc.vn/san-pham/duoi-den-va-de-sau-v2-cho-shvn-2012-2016-len-sh-y/
26,https://dochoixedoc.vn/san-pham/gac-chan-cnc-biker/
27,https://dochoixedoc.vn/san-pham/gac-chan-cnc-cao-cap-super-higher/
28,https://dochoixedoc.vn/san-pham/gu-barracuda-alux-f1/
29,https://dochoixedoc.vn/san-pham/gu-chong-do-carbon/
30,https://dochoixedoc.vn/san-pham/gu-driven/
31,https://dochoixedoc.vn/san-pham/gu-driven-carbon-cao-cap/
32,https://dochoixedoc.vn/san-pham/gu-lo-rizoma/
33,https://dochoixedoc.vn/san-pham/gu-takegawa-cao-cap/
34,https://dochoixedoc.vn/san-pham/gu-tru-sh/
35,https://dochoixedoc.vn/san-pham/gu-trung-cao-cap-son-mau-titan/
36,https://dochoixedoc.vn/san-pham/gu-trung-rizoma/
37,https://dochoixedoc.vn/san-pham/gu-vuong-rizoma/
38,https://dochoixedoc.vn/san-pham/gu-xeo-rizoma/
39,https://dochoixedoc.vn/san-pham/khoa-smartkey-farmland-gan-cho-winner/
40,https://dochoixedoc.vn/san-pham/khoa-smartkey-farmland-gan-cho-exciter-150/
41,https://dochoixedoc.vn/san-pham/khoa-smartkey-farmland-gan-cho-air-blade/
42,https://dochoixedoc.vn/san-pham/khoa-thong-minh-smartkey/
43,https://dochoixedoc.vn/san-pham/kinh-chan-gio-sh-2017-sh-125i150i-cao-cap-zhi-pat/
44,https://dochoixedoc.vn/san-pham/4447/
45,https://dochoixedoc.vn/san-pham/kinh-chan-gio-mau-trang-sh-2017-sh-125i150i-cao-cap-zhi-pat/
46,https://dochoixedoc.vn/san-pham/kinh-chieu-hau-elisse/
47,https://dochoixedoc.vn/san-pham/kinh-chieu-hau-iphone-r-izoma/
48,https://dochoixedoc.vn/san-pham/kinh-chieu-hau-r-izoma-tron/
49,https://dochoixedoc.vn/san-pham/kinh-chieu-hau-r-izoma-xeo/
50,https://dochoixedoc.vn/san-pham/led-sieu-sang-xhp70/
51,https://dochoixedoc.vn/san-pham/led-turbo-t1/
52,https://dochoixedoc.vn/san-pham/liqui-moly-dau-nhot-motorbike-4t-scooter-race-10w-40-20826/
53,https://dochoixedoc.vn/san-pham/lo-gio-spacy-2005-zhi-pat-cao-cap/
54,https://dochoixedoc.vn/san-pham/loc-gio-bmc-cho-airblade-683/
55,https://dochoixedoc.vn/san-pham/loc-gio-bmc-cho-exciter-861/
56,https://dochoixedoc.vn/san-pham/loc-gio-bmc-cho-sh-125150i-2017-977/
57,https://dochoixedoc.vn/san-pham/loc-gio-bmc-cho-sh-300i-636/
58,https://dochoixedoc.vn/san-pham/loc-gio-bmc-cho-sh-viet-686/
59,https://dochoixedoc.vn/san-pham/loc-gio-bmc-cho-winner-938/
60,https://dochoixedoc.vn/san-pham/loc-noi-sh-y-gan-cho-shvn-2012-2018/
61,https://dochoixedoc.vn/san-pham/lop-xe-sau-michelin-city-grip-cho-sh-12080-16/
62,https://dochoixedoc.vn/san-pham/lop-xe-truoc-michelin-city-grip-cho-ab-vario-click-8090-14-2/
63,https://dochoixedoc.vn/san-pham/lop-xe-sau-michelin-pilot-sporty-cho-sh-12080-16/
64,https://dochoixedoc.vn/san-pham/lop-xe-sau-michelin-pilot-street-cho-ab-vario-click-9090-14/
65,https://dochoixedoc.vn/san-pham/lop-xe-truoc-michelin-city-grip-cho-sh-10080-16/
66,https://dochoixedoc.vn/san-pham/lop-xe-truoc-michelin-city-grip-cho-ab-vario-click-8090-14/
67,https://dochoixedoc.vn/san-pham/lop-xe-truoc-michelin-pilot-sporty-cho-sh-10080-16/
68,https://dochoixedoc.vn/san-pham/lop-xe-truoc-michelin-pilot-street-cho-ab-vario-click-8090-14/
69,https://dochoixedoc.vn/san-pham/mam-5-cay-den-bong-gan-cho-shvn-2012-2018-len-sh-y/
70,https://dochoixedoc.vn/san-pham/mam-5-cay-den-mo-gan-cho-shvn-2012-2018-len-sh-y/
71,https://dochoixedoc.vn/san-pham/mam-cnc-ycjs-speed-gan-cho-shvn-2012-2018-len-sh-y/
72,https://dochoixedoc.vn/san-pham/mat-na-gan-cho-sh-2017-2018/
73,https://dochoixedoc.vn/san-pham/moc-giu-day-dau-sau-biker/
74,https://dochoixedoc.vn/san-pham/moc-giu-day-dau-truoc/
75,https://dochoixedoc.vn/san-pham/moc-treo-do-cnc-rizoma-cao-cap-gan-cho-sh/
76,https://dochoixedoc.vn/san-pham/nap-binh-xang-cnc/
77,https://dochoixedoc.vn/san-pham/nap-binh-xang-cnc-brembo-carbon/
78,https://dochoixedoc.vn/san-pham/nap-binh-xang-gtx-racing/
79,https://dochoixedoc.vn/san-pham/nap-binh-xang-xe-may-cnc-sh-racing/
80,https://dochoixedoc.vn/san-pham/nep-suon-gan-cho-sh-2017-2018/
81,https://dochoixedoc.vn/san-pham/nep-suon-kieu-sh-y-gan-cho-shvn-2017-2018/
82,https://dochoixedoc.vn/san-pham/nut-bit-guong-2-lop-cao-cap-super-higher/
83,https://dochoixedoc.vn/san-pham/nut-bit-guong-carbon-sh/
84,https://dochoixedoc.vn/san-pham/nut-cao-su-dieu-chinh-tren-dong-ho-xe/
85,https://dochoixedoc.vn/san-pham/nut-nhan-gai-dan-ao-co-dinh-6-ly/
86,https://dochoixedoc.vn/san-pham/nut-nhan-gai-dan-ao-co-dinh-8-ly/
87,https://dochoixedoc.vn/san-pham/po-e-trong-suot-zhi-pat/
88,https://dochoixedoc.vn/san-pham/op-bau-loc-gio-trong-suot-po-e-danh-cho-nvx-155/
89,https://dochoixedoc.vn/san-pham/op-bau-loc-gio-trong-suot-po-e-danh-cho-vario-2018/
90,https://dochoixedoc.vn/san-pham/op-bau-loc-gio-trong-suot-po-e-danh-cho-vision/
91,https://dochoixedoc.vn/san-pham/op-che-ket-nuoc-phoi-mau-gan-cho-sh-2017-2018/
92,https://dochoixedoc.vn/san-pham/op-po-click-thai-gan-cho-clickvarioabpcxsh2012-2016/
93,https://dochoixedoc.vn/san-pham/op-po-e-bau-loc-gio-trong-suot-mau-chinh-hang-zhi-pat-cao-cap/
94,https://dochoixedoc.vn/san-pham/op-po-sh-300i-zhi-pat-gan-cho-sh-300i-2008-2017/
95,https://dochoixedoc.vn/san-pham/p-po-vario-gan-cho-clickvarioabpcxsh2012-2016/
96,https://dochoixedoc.vn/san-pham/op-suon-co-gac-chan-v2/
97,https://dochoixedoc.vn/san-pham/op-suon-khong-co-gac-chan-v2-danh-cho-shvn-2012-2016/
98,https://dochoixedoc.vn/san-pham/phuoc-ohlins-sh-300i-chinh-hang/
99,https://dochoixedoc.vn/san-pham/phuoc-ohlins-sh-yair-bladepcx-chinh-hang/
100,https://dochoixedoc.vn/san-pham/phuoc-ohlins-shvn-2012-2018-chinh-hang/
101,https://dochoixedoc.vn/san-pham/phuoc-ohlins-varioclickshmode-1-lo-xo-chinh-hang/
102,https://dochoixedoc.vn/san-pham/phuoc-ohlins-varioclickshmode-ho-545-chinh-hang/
103,https://dochoixedoc.vn/san-pham/phuoc-oh-lins-f1-gan-cho-sh-y-air-blade-nvx/
104,https://dochoixedoc.vn/san-pham/phuoc-oh-lins-f1/
105,https://dochoixedoc.vn/san-pham/phuoc-rcb-2017-rb-absorber-sh150i-sb-3-series-g-gl/
106,https://dochoixedoc.vn/san-pham/phuoc-rcb-2018-rb-absorber-sh150i-bd-2-series/
107,https://dochoixedoc.vn/san-pham/phuoc-rcb-2018-rb-absorber-sh150i-eb-2-series-g-rd/
108,https://dochoixedoc.vn/san-pham/phuoc-rcb-2018-rb-absorber-sh150i-sb-2-series/
109,https://dochoixedoc.vn/san-pham/phuoc-rcb-sh-y-rb-absorber-airblad-sb-series-g-gl/
110,https://dochoixedoc.vn/san-pham/phuoc-truoc-oh-lins-f1-gan-cho-shvn-2012-2018/
111,https://dochoixedoc.vn/san-pham/phuoc-yss-2018-gan-cho-sh-y-dylan-ps-air-blade/
112,https://dochoixedoc.vn/san-pham/phuoc-yss-2018-gan-cho-shvn-2012-2018/
113,https://dochoixedoc.vn/san-pham/po-air-gan-cho-shvn-len-sh-y/
114,https://dochoixedoc.vn/san-pham/tay-thang-biker-6-so/
115,https://dochoixedoc.vn/san-pham/tay-thang-biker-6-so-gay/
116,https://dochoixedoc.vn/san-pham/tay-thang-biker-6-so-gay-dieu-chinh-ngan-dai/
117,https://dochoixedoc.vn/san-pham/tay-thang-cr-g-carbon-f1/
118,https://dochoixedoc.vn/san-pham/tay-thang-cr-g-folding-f1/
119,https://dochoixedoc.vn/san-pham/tay-thang-cr-g-rc2-f1/
120,https://dochoixedoc.vn/san-pham/tay-thang-irc-danh-cho-sh-02-thang-dia/
121,https://dochoixedoc.vn/san-pham/tay-thang-racingboy/
122,https://dochoixedoc.vn/san-pham/tay-thang-racingboy-sh-mong/
123,https://dochoixedoc.vn/san-pham/tay-xach-sh-300i-gan-cho-sh-2017-chinh-hang-zhi-pat/
124,https://dochoixedoc.vn/san-pham/thiet-bi-chong-cuop-bluetooth-cho-smartkey/
125,https://dochoixedoc.vn/san-pham/dan-ao-truoc-v2/
126,https://dochoixedoc.vn/san-pham/vo-remote-smartkey-co-san-pin/
127,https://dochoixedoc.vn/san-pham/xi-nhan-sh-y-chinh-hang-zhi-pat-cao-cap/
128,https://dochoixedoc.vn/san-pham/bao-silicon-bao-ve-smartkey/
129,https://dochoixedoc.vn/san-pham/bao-tay-barracuda-chinh-hang/
130,https://dochoixedoc.vn/san-pham/bao-tay-barracuda-f1/
131,https://dochoixedoc.vn/san-pham/bao-tay-barracuda-cao-su-co-gu-alux-f1/
132,https://dochoixedoc.vn/san-pham/bao-tay-luon-gu-carbon-cao-cap-f1/
133,https://dochoixedoc.vn/san-pham/bao-tay-rizoma-lux-f1/
134,https://dochoixedoc.vn/san-pham/bao-tay-rizoma-sportline-f1/
135,https://dochoixedoc.vn/san-pham/bao-tay-rizoma-urlo-f1/
136,https://dochoixedoc.vn/san-pham/bao-tay-rizoma-2018-cao-cap-luon-gu-f1/
137,https://dochoixedoc.vn/san-pham/bao-tay-xe-may-spider-cao-cap-f1/
138,https://dochoixedoc.vn/san-pham/bo-op-carbon-gan-cho-shvn-2017-2018/
139,https://dochoixedoc.vn/san-pham/bo-tem-thong-so-sh-y/
140,https://dochoixedoc.vn/san-pham/boc-silicon-bao-ve-remote-smartkey-2-nut/
141,https://dochoixedoc.vn/san-pham/chan-chong-cnc-biker/
142,https://dochoixedoc.vn/san-pham/che-heo-dau-truoc-sh/
143,https://dochoixedoc.vn/san-pham/che-ket-nuoc-cnc-sh/
144,https://dochoixedoc.vn/san-pham/che-ket-nuoc-phi-tieu-cnc/
145,https://dochoixedoc.vn/san-pham/den-pha-led-2-tang-wave-asrsrsxfuture-x-chinh-hang-zhi-pat/
146,https://dochoixedoc.vn/san-pham/cong-tac-do-sh300i/
147,https://dochoixedoc.vn/san-pham/den-led-2-tang-exciter-135/
148,https://dochoixedoc.vn/san-pham/den-led-2-tang-exciter-150-bluelightredlight/
149,https://dochoixedoc.vn/san-pham/den-led-2-tang-exciter-150/
150,https://dochoixedoc.vn/san-pham/den-led-2-tang-exciter-150-2019-led-headlamp-sporty-for-exciter-150/
151,https://dochoixedoc.vn/san-pham/den-led-2-tang-exciter-150-bluelight/
152,https://dochoixedoc.vn/san-pham/den-led-headlight-c6-sieu-sang/
153,https://dochoixedoc.vn/san-pham/den-mat-meo-den-phan-quang-xe-may-thuong-hieu-zhi-pat/
154,https://dochoixedoc.vn/san-pham/den-pha-led-2-tang-cho-sirius-fi-chinh-hang-zhi-pat/
155,https://dochoixedoc.vn/san-pham/den-pha-led-2-tang-cho-xe-lead-2013-2016-chinh-hang-zhi-pat/
156,https://dochoixedoc.vn/san-pham/den-pha-led-2-tang-lead-2017-2018-chinh-hang-zhi-pat/
157,https://dochoixedoc.vn/san-pham/den-pha-led-2-tang-sh-viet-chinh-hang-zhi-pat/
158,https://dochoixedoc.vn/san-pham/den-pha-led-2-tang-sh-y-sh-nhap-chinh-hang-zhi-pat/
159,https://dochoixedoc.vn/san-pham/den-pha-led-2-tang-vision-chinh-hang-zhi-pat/
160,https://dochoixedoc.vn/san-pham/dia-galfer-gan-cho-sh-size-zin/
161,https://dochoixedoc.vn/san-pham/dich-vu-dan-phim-chong-tray-bao-ve-xe-may-xprotect/
162,https://dochoixedoc.vn/san-pham/dich-vu-phu-ceramic-xprotect/
163,https://dochoixedoc.vn/san-pham/duoi-den-va-de-sau-v2-cho-shvn-2012-2016-len-sh-y/
164,https://dochoixedoc.vn/san-pham/gac-chan-cnc-biker/
165,https://dochoixedoc.vn/san-pham/gac-chan-cnc-cao-cap-super-higher/
166,https://dochoixedoc.vn/san-pham/gu-racing-r-izoma/
167,https://dochoixedoc.vn/san-pham/gu-barracuda-alux-f1/
168,https://dochoixedoc.vn/san-pham/gu-carbon-cao-cap/
169,https://dochoixedoc.vn/san-pham/gu-chong-do-carbon/
170,https://dochoixedoc.vn/san-pham/gu-driven/
171,https://dochoixedoc.vn/san-pham/gu-driven-carbon-cao-cap/
172,https://dochoixedoc.vn/san-pham/gu-lo-rizoma/
173,https://dochoixedoc.vn/san-pham/gu-takegawa-cao-cap/
174,https://dochoixedoc.vn/san-pham/gu-tru-sh/
175,https://dochoixedoc.vn/san-pham/gu-trung-cao-cap-son-mau-titan/
176,https://dochoixedoc.vn/san-pham/gu-trung-rizoma/
177,https://dochoixedoc.vn/san-pham/gu-vuong-rizoma/
178,https://dochoixedoc.vn/san-pham/gu-xeo-rizoma/
179,https://dochoixedoc.vn/san-pham/khoa-smartkey-farmland-gan-cho-winner/
180,https://dochoixedoc.vn/san-pham/khoa-smartkey-farmland-gan-cho-exciter-150/
181,https://dochoixedoc.vn/san-pham/khoa-smartkey-farmland-gan-cho-air-blade/
182,https://dochoixedoc.vn/san-pham/khoa-thong-minh-smartkey/
183,https://dochoixedoc.vn/san-pham/4447/
184,https://dochoixedoc.vn/san-pham/kinh-chan-gio-mau-trang-sh-2017-sh-125i150i-cao-cap-zhi-pat/
185,https://dochoixedoc.vn/san-pham/kinh-chieu-hau-elisse/
186,https://dochoixedoc.vn/san-pham/kinh-chieu-hau-iphone-r-izoma/
187,https://dochoixedoc.vn/san-pham/kinh-chieu-hau-r-izoma-tron/
188,https://dochoixedoc.vn/san-pham/kinh-chieu-hau-r-izoma-xeo/
189,https://dochoixedoc.vn/san-pham/kinh-gu-crg-cao-cap-f1/
190,https://dochoixedoc.vn/san-pham/led-sieu-sang-xhp70/
191,https://dochoixedoc.vn/san-pham/led-turbo-t1/
192,https://dochoixedoc.vn/san-pham/liqui-moly-dau-nhot-motorbike-4t-scooter-race-10w-40-20826/
193,https://dochoixedoc.vn/san-pham/loc-gio-bmc-cho-airblade-683/
194,https://dochoixedoc.vn/san-pham/loc-gio-bmc-cho-exciter-861/
195,https://dochoixedoc.vn/san-pham/loc-gio-bmc-cho-nvx-982/
196,https://dochoixedoc.vn/san-pham/loc-gio-bmc-cho-winner-938/
197,https://dochoixedoc.vn/san-pham/loc-gio-bmc-sh-italia-470/
198,https://dochoixedoc.vn/san-pham/loc-noi-sh-y-gan-cho-shvn-2012-2018/
199,https://dochoixedoc.vn/san-pham/lop-xe-sau-michelin-city-grip-cho-sh-12080-16/
200,https://dochoixedoc.vn/san-pham/lop-xe-truoc-michelin-city-grip-cho-ab-vario-click-8090-14-2/
201,https://dochoixedoc.vn/san-pham/lop-xe-sau-michelin-pilot-sporty-cho-sh-12080-16/
202,https://dochoixedoc.vn/san-pham/lop-xe-sau-michelin-pilot-street-cho-ab-vario-click-9090-14/
203,https://dochoixedoc.vn/san-pham/lop-xe-truoc-michelin-city-grip-cho-sh-10080-16/
204,https://dochoixedoc.vn/san-pham/lop-xe-truoc-michelin-city-grip-cho-ab-vario-click-8090-14/
205,https://dochoixedoc.vn/san-pham/lop-xe-truoc-michelin-pilot-sporty-cho-sh-10080-16/
206,https://dochoixedoc.vn/san-pham/lop-xe-truoc-michelin-pilot-street-cho-ab-vario-click-8090-14/
207,https://dochoixedoc.vn/san-pham/mam-5-cay-den-bong-gan-cho-shvn-2012-2018-len-sh-y/
208,https://dochoixedoc.vn/san-pham/mam-5-cay-den-mo-gan-cho-shvn-2012-2018-len-sh-y/
209,https://dochoixedoc.vn/san-pham/mam-cnc-ycjs-speed-gan-cho-shvn-2012-2018-len-sh-y/
210,https://dochoixedoc.vn/san-pham/mat-na-gan-cho-sh-2017-2018/
211,https://dochoixedoc.vn/san-pham/moc-giu-day-dau-sau-biker/
212,https://dochoixedoc.vn/san-pham/moc-giu-day-dau-truoc/
213,https://dochoixedoc.vn/san-pham/moc-treo-do-cnc-rizoma-cao-cap-gan-cho-sh/
214,https://dochoixedoc.vn/san-pham/nano-coating-bao-ve-xe-cao-cap-nanonix-7shield-nhat-ban/
215,https://dochoixedoc.vn/san-pham/nap-binh-xang-cnc/
216,https://dochoixedoc.vn/san-pham/nap-binh-xang-cnc-brembo-carbon/
217,https://dochoixedoc.vn/san-pham/nap-binh-xang-gtx-racing/
218,https://dochoixedoc.vn/san-pham/nap-binh-xang-xe-may-cnc-sh-racing/
219,https://dochoixedoc.vn/san-pham/nep-suon-gan-cho-sh-2017-2018/
220,https://dochoixedoc.vn/san-pham/nep-suon-kieu-sh-y-gan-cho-shvn-2017-2018/
221,https://dochoixedoc.vn/san-pham/nuoc-hoa-noi-that-xe-hoi-double-fresh/
222,https://dochoixedoc.vn/san-pham/nut-bit-guong-2-lop-cao-cap-super-higher/
223,https://dochoixedoc.vn/san-pham/nut-bit-guong-carbon-sh/
224,https://dochoixedoc.vn/san-pham/nut-bit-guong-racing-sh/
225,https://dochoixedoc.vn/san-pham/nut-bit-guong-sh/
226,https://dochoixedoc.vn/san-pham/po-e-trong-suot-zhi-pat/
227,https://dochoixedoc.vn/san-pham/op-bau-loc-gio-trong-suot-po-e-danh-cho-nvx-155/
228,https://dochoixedoc.vn/san-pham/op-bau-loc-gio-trong-suot-po-e-danh-cho-sh-2017-2018/
229,https://dochoixedoc.vn/san-pham/op-bau-loc-gio-trong-suot-po-e-danh-cho-vario-2018/
230,https://dochoixedoc.vn/san-pham/op-bau-loc-gio-trong-suot-po-e-danh-cho-vision/
231,https://dochoixedoc.vn/san-pham/op-che-ket-nuoc-phoi-mau-gan-cho-sh-2017-2018/
232,https://dochoixedoc.vn/san-pham/op-po-click-thai-gan-cho-clickvarioabpcxsh2012-2016/
233,https://dochoixedoc.vn/san-pham/op-po-e-bau-loc-gio-trong-suot-mau-chinh-hang-zhi-pat-cao-cap/
234,https://dochoixedoc.vn/san-pham/op-po-sh-viet-nam-chinh-hang-chuan-sh-y-300i-cao-cap-son-airbrush-full/
235,https://dochoixedoc.vn/san-pham/op-po-sh-300i-zhi-pat-gan-cho-sh-300i-2008-2017/
236,https://dochoixedoc.vn/san-pham/op-po-sh-viet-nam-chinh-hang-chuan-sh-y-300i-cao-cap/
237,https://dochoixedoc.vn/san-pham/op-po-sh-viet-nam-chinh-hang-chuan-sh-y-300i-cao-cap-son-airbrush-70/
238,https://dochoixedoc.vn/san-pham/p-po-vario-gan-cho-clickvarioabpcxsh2012-2016/
239,https://dochoixedoc.vn/san-pham/op-suon-co-gac-chan-v2/
240,https://dochoixedoc.vn/san-pham/op-suon-khong-co-gac-chan-v2-danh-cho-shvn-2012-2016/
241,https://dochoixedoc.vn/san-pham/op-suon-mau-sh300i-dan-ao-do-sh2017-len-300i/
242,https://dochoixedoc.vn/san-pham/phuoc-ohlins-sh-300i-chinh-hang/
243,https://dochoixedoc.vn/san-pham/phuoc-ohlins-sh-300i-ho-818-chinh-hang/
244,https://dochoixedoc.vn/san-pham/phuoc-ohlins-sh-yair-bladepcx-chinh-hang/
245,https://dochoixedoc.vn/san-pham/phuoc-ohlins-shvn-2012-2018-chinh-hang/
246,https://dochoixedoc.vn/san-pham/phuoc-ohlins-varioclickshmode-1-lo-xo-chinh-hang/
247,https://dochoixedoc.vn/san-pham/phuoc-ohlins-varioclickshmode-ho-545-chinh-hang/
248,https://dochoixedoc.vn/san-pham/phuoc-oh-lins-f1-gan-cho-sh-y-air-blade-nvx/
249,https://dochoixedoc.vn/san-pham/phuoc-oh-lins-f1/
250,https://dochoixedoc.vn/san-pham/phuoc-rcb-2017-rb-absorber-sh150i-sb-3-series-g-gl/
251,https://dochoixedoc.vn/san-pham/phuoc-rcb-2018-rb-absorber-sh150i-bd-2-series/
252,https://dochoixedoc.vn/san-pham/phuoc-rcb-2018-rb-absorber-sh150i-eb-2-series-g-rd/
253,https://dochoixedoc.vn/san-pham/phuoc-rcb-2018-rb-absorber-sh150i-sb-2-series/
254,https://dochoixedoc.vn/san-pham/phuoc-rcb-sh-y-rb-absorber-airblad-sb-series-g-gl/
255,https://dochoixedoc.vn/san-pham/phuoc-truoc-oh-lins-f1-gan-cho-shvn-2012-2018/
256,https://dochoixedoc.vn/san-pham/phuoc-yss-2018-gan-cho-sh-y-dylan-ps-air-blade/
257,https://dochoixedoc.vn/san-pham/phuoc-yss-2018-gan-cho-shvn-2012-2018/
258,https://dochoixedoc.vn/san-pham/po-air-gan-cho-shvn-len-sh-y/
259,https://dochoixedoc.vn/san-pham/tay-thang-biker-6-so/
260,https://dochoixedoc.vn/san-pham/tay-thang-biker-6-so-gay/
261,https://dochoixedoc.vn/san-pham/tay-thang-biker-6-so-gay-dieu-chinh-ngan-dai/
262,https://dochoixedoc.vn/san-pham/tay-thang-cr-g-carbon-f1/
263,https://dochoixedoc.vn/san-pham/tay-thang-cr-g-folding-f1/
264,https://dochoixedoc.vn/san-pham/tay-thang-cr-g-rc2-f1/
265,https://dochoixedoc.vn/san-pham/tay-thang-irc-danh-cho-sh-02-thang-dia/
266,https://dochoixedoc.vn/san-pham/tay-thang-racingboy/
267,https://dochoixedoc.vn/san-pham/tay-thang-racingboy-sh-mong/
268,https://dochoixedoc.vn/san-pham/tay-xach-sh-300i-gan-cho-sh-2017-chinh-hang-zhi-pat/
269,https://dochoixedoc.vn/san-pham/thiet-bi-chong-cuop-bluetooth-cho-smartkey/
270,https://dochoixedoc.vn/san-pham/dan-ao-truoc-v2/
ID,Url
0,https://dochoixedoc.vn/san-pham/bao-silicon-bao-ve-smartkey/
1,https://dochoixedoc.vn/san-pham/bao-tay-barracuda-chinh-hang/
2,https://dochoixedoc.vn/san-pham/bao-tay-barracuda-f1/
3,https://dochoixedoc.vn/san-pham/bao-tay-barracuda-cao-su-co-gu-alux-f1/
4,https://dochoixedoc.vn/san-pham/bao-tay-luon-gu-carbon-cao-cap-f1/
5,https://dochoixedoc.vn/san-pham/bao-tay-rizoma-lux-f1/
6,https://dochoixedoc.vn/san-pham/bao-tay-rizoma-sportline-f1/
7,https://dochoixedoc.vn/san-pham/bao-tay-rizoma-urlo-f1/
8,https://dochoixedoc.vn/san-pham/bao-tay-rizoma-2018-cao-cap-luon-gu-f1/
9,https://dochoixedoc.vn/san-pham/bao-tay-xe-may-spider-cao-cap-f1/
10,https://dochoixedoc.vn/san-pham/bo-op-carbon-gan-cho-shvn-2017-2018/
11,https://dochoixedoc.vn/san-pham/bo-tem-thong-so-sh-y/
12,https://dochoixedoc.vn/san-pham/boc-silicon-bao-ve-remote-smartkey-2-nut/
13,https://dochoixedoc.vn/san-pham/chan-chong-cnc-biker/
14,https://dochoixedoc.vn/san-pham/chan-kep-trang-dan-ao-co-dinh/
15,https://dochoixedoc.vn/san-pham/chan-kep-vang-dan-ao-co-dinh/
16,https://dochoixedoc.vn/san-pham/che-heo-dau-truoc-sh/
17,https://dochoixedoc.vn/san-pham/che-ket-nuoc-cnc-sh/
18,https://dochoixedoc.vn/san-pham/che-ket-nuoc-phi-tieu-cnc/
19,https://dochoixedoc.vn/san-pham/cong-tac-do-sh300i/
20,https://dochoixedoc.vn/san-pham/den-led-2-tang-exciter-150-2019-led-headlamp-sporty-for-exciter-150/
21,https://dochoixedoc.vn/san-pham/den-led-headlight-c6-sieu-sang/
22,https://dochoixedoc.vn/san-pham/den-mat-meo-den-phan-quang-xe-may-thuong-hieu-zhi-pat/
23,https://dochoixedoc.vn/san-pham/den-pha-led-2-tang-cho-sirius-fi-chinh-hang-zhi-pat/
24,https://dochoixedoc.vn/san-pham/dia-galfer-gan-cho-sh-size-zin/
25,https://dochoixedoc.vn/san-pham/duoi-den-va-de-sau-v2-cho-shvn-2012-2016-len-sh-y/
26,https://dochoixedoc.vn/san-pham/gac-chan-cnc-biker/
27,https://dochoixedoc.vn/san-pham/gac-chan-cnc-cao-cap-super-higher/
28,https://dochoixedoc.vn/san-pham/gu-barracuda-alux-f1/
29,https://dochoixedoc.vn/san-pham/gu-chong-do-carbon/
30,https://dochoixedoc.vn/san-pham/gu-driven/
31,https://dochoixedoc.vn/san-pham/gu-driven-carbon-cao-cap/
32,https://dochoixedoc.vn/san-pham/gu-lo-rizoma/
33,https://dochoixedoc.vn/san-pham/gu-takegawa-cao-cap/
34,https://dochoixedoc.vn/san-pham/gu-tru-sh/
35,https://dochoixedoc.vn/san-pham/gu-trung-cao-cap-son-mau-titan/
36,https://dochoixedoc.vn/san-pham/gu-trung-rizoma/
37,https://dochoixedoc.vn/san-pham/gu-vuong-rizoma/
38,https://dochoixedoc.vn/san-pham/gu-xeo-rizoma/
39,https://dochoixedoc.vn/san-pham/khoa-smartkey-farmland-gan-cho-winner/
40,https://dochoixedoc.vn/san-pham/khoa-smartkey-farmland-gan-cho-exciter-150/
41,https://dochoixedoc.vn/san-pham/khoa-smartkey-farmland-gan-cho-air-blade/
42,https://dochoixedoc.vn/san-pham/khoa-thong-minh-smartkey/
43,https://dochoixedoc.vn/san-pham/kinh-chan-gio-sh-2017-sh-125i150i-cao-cap-zhi-pat/
44,https://dochoixedoc.vn/san-pham/4447/
45,https://dochoixedoc.vn/san-pham/kinh-chan-gio-mau-trang-sh-2017-sh-125i150i-cao-cap-zhi-pat/
46,https://dochoixedoc.vn/san-pham/kinh-chieu-hau-elisse/
47,https://dochoixedoc.vn/san-pham/kinh-chieu-hau-iphone-r-izoma/
48,https://dochoixedoc.vn/san-pham/kinh-chieu-hau-r-izoma-tron/
49,https://dochoixedoc.vn/san-pham/kinh-chieu-hau-r-izoma-xeo/
50,https://dochoixedoc.vn/san-pham/led-sieu-sang-xhp70/
51,https://dochoixedoc.vn/san-pham/led-turbo-t1/
52,https://dochoixedoc.vn/san-pham/liqui-moly-dau-nhot-motorbike-4t-scooter-race-10w-40-20826/
53,https://dochoixedoc.vn/san-pham/lo-gio-spacy-2005-zhi-pat-cao-cap/
54,https://dochoixedoc.vn/san-pham/loc-gio-bmc-cho-airblade-683/
55,https://dochoixedoc.vn/san-pham/loc-gio-bmc-cho-exciter-861/
56,https://dochoixedoc.vn/san-pham/loc-gio-bmc-cho-sh-125150i-2017-977/
57,https://dochoixedoc.vn/san-pham/loc-gio-bmc-cho-sh-300i-636/
58,https://dochoixedoc.vn/san-pham/loc-gio-bmc-cho-sh-viet-686/
59,https://dochoixedoc.vn/san-pham/loc-gio-bmc-cho-winner-938/
60,https://dochoixedoc.vn/san-pham/loc-noi-sh-y-gan-cho-shvn-2012-2018/
61,https://dochoixedoc.vn/san-pham/lop-xe-sau-michelin-city-grip-cho-sh-12080-16/
62,https://dochoixedoc.vn/san-pham/lop-xe-truoc-michelin-city-grip-cho-ab-vario-click-8090-14-2/
63,https://dochoixedoc.vn/san-pham/lop-xe-sau-michelin-pilot-sporty-cho-sh-12080-16/
64,https://dochoixedoc.vn/san-pham/lop-xe-sau-michelin-pilot-street-cho-ab-vario-click-9090-14/
65,https://dochoixedoc.vn/san-pham/lop-xe-truoc-michelin-city-grip-cho-sh-10080-16/
66,https://dochoixedoc.vn/san-pham/lop-xe-truoc-michelin-city-grip-cho-ab-vario-click-8090-14/
67,https://dochoixedoc.vn/san-pham/lop-xe-truoc-michelin-pilot-sporty-cho-sh-10080-16/
68,https://dochoixedoc.vn/san-pham/lop-xe-truoc-michelin-pilot-street-cho-ab-vario-click-8090-14/
69,https://dochoixedoc.vn/san-pham/mam-5-cay-den-bong-gan-cho-shvn-2012-2018-len-sh-y/
70,https://dochoixedoc.vn/san-pham/mam-5-cay-den-mo-gan-cho-shvn-2012-2018-len-sh-y/
71,https://dochoixedoc.vn/san-pham/mam-cnc-ycjs-speed-gan-cho-shvn-2012-2018-len-sh-y/
72,https://dochoixedoc.vn/san-pham/mat-na-gan-cho-sh-2017-2018/
73,https://dochoixedoc.vn/san-pham/moc-giu-day-dau-sau-biker/
74,https://dochoixedoc.vn/san-pham/moc-giu-day-dau-truoc/
75,https://dochoixedoc.vn/san-pham/moc-treo-do-cnc-rizoma-cao-cap-gan-cho-sh/
76,https://dochoixedoc.vn/san-pham/nap-binh-xang-cnc/
77,https://dochoixedoc.vn/san-pham/nap-binh-xang-cnc-brembo-carbon/
78,https://dochoixedoc.vn/san-pham/nap-binh-xang-gtx-racing/
79,https://dochoixedoc.vn/san-pham/nap-binh-xang-xe-may-cnc-sh-racing/
80,https://dochoixedoc.vn/san-pham/nep-suon-gan-cho-sh-2017-2018/
81,https://dochoixedoc.vn/san-pham/nep-suon-kieu-sh-y-gan-cho-shvn-2017-2018/
82,https://dochoixedoc.vn/san-pham/nut-bit-guong-2-lop-cao-cap-super-higher/
83,https://dochoixedoc.vn/san-pham/nut-bit-guong-carbon-sh/
84,https://dochoixedoc.vn/san-pham/nut-cao-su-dieu-chinh-tren-dong-ho-xe/
85,https://dochoixedoc.vn/san-pham/nut-nhan-gai-dan-ao-co-dinh-6-ly/
86,https://dochoixedoc.vn/san-pham/nut-nhan-gai-dan-ao-co-dinh-8-ly/
87,https://dochoixedoc.vn/san-pham/po-e-trong-suot-zhi-pat/
88,https://dochoixedoc.vn/san-pham/op-bau-loc-gio-trong-suot-po-e-danh-cho-nvx-155/
89,https://dochoixedoc.vn/san-pham/op-bau-loc-gio-trong-suot-po-e-danh-cho-vario-2018/
90,https://dochoixedoc.vn/san-pham/op-bau-loc-gio-trong-suot-po-e-danh-cho-vision/
91,https://dochoixedoc.vn/san-pham/op-che-ket-nuoc-phoi-mau-gan-cho-sh-2017-2018/
92,https://dochoixedoc.vn/san-pham/op-po-click-thai-gan-cho-clickvarioabpcxsh2012-2016/
93,https://dochoixedoc.vn/san-pham/op-po-e-bau-loc-gio-trong-suot-mau-chinh-hang-zhi-pat-cao-cap/
94,https://dochoixedoc.vn/san-pham/op-po-sh-300i-zhi-pat-gan-cho-sh-300i-2008-2017/
95,https://dochoixedoc.vn/san-pham/p-po-vario-gan-cho-clickvarioabpcxsh2012-2016/
96,https://dochoixedoc.vn/san-pham/op-suon-co-gac-chan-v2/
97,https://dochoixedoc.vn/san-pham/op-suon-khong-co-gac-chan-v2-danh-cho-shvn-2012-2016/
98,https://dochoixedoc.vn/san-pham/phuoc-ohlins-sh-300i-chinh-hang/
99,https://dochoixedoc.vn/san-pham/phuoc-ohlins-sh-yair-bladepcx-chinh-hang/
100,https://dochoixedoc.vn/san-pham/phuoc-ohlins-shvn-2012-2018-chinh-hang/
101,https://dochoixedoc.vn/san-pham/phuoc-ohlins-varioclickshmode-1-lo-xo-chinh-hang/
102,https://dochoixedoc.vn/san-pham/phuoc-ohlins-varioclickshmode-ho-545-chinh-hang/
103,https://dochoixedoc.vn/san-pham/phuoc-oh-lins-f1-gan-cho-sh-y-air-blade-nvx/
104,https://dochoixedoc.vn/san-pham/phuoc-oh-lins-f1/
105,https://dochoixedoc.vn/san-pham/phuoc-rcb-2017-rb-absorber-sh150i-sb-3-series-g-gl/
106,https://dochoixedoc.vn/san-pham/phuoc-rcb-2018-rb-absorber-sh150i-bd-2-series/
107,https://dochoixedoc.vn/san-pham/phuoc-rcb-2018-rb-absorber-sh150i-eb-2-series-g-rd/
108,https://dochoixedoc.vn/san-pham/phuoc-rcb-2018-rb-absorber-sh150i-sb-2-series/
109,https://dochoixedoc.vn/san-pham/phuoc-rcb-sh-y-rb-absorber-airblad-sb-series-g-gl/
110,https://dochoixedoc.vn/san-pham/phuoc-truoc-oh-lins-f1-gan-cho-shvn-2012-2018/
111,https://dochoixedoc.vn/san-pham/phuoc-yss-2018-gan-cho-sh-y-dylan-ps-air-blade/
112,https://dochoixedoc.vn/san-pham/phuoc-yss-2018-gan-cho-shvn-2012-2018/
113,https://dochoixedoc.vn/san-pham/po-air-gan-cho-shvn-len-sh-y/
114,https://dochoixedoc.vn/san-pham/tay-thang-biker-6-so/
115,https://dochoixedoc.vn/san-pham/tay-thang-biker-6-so-gay/
116,https://dochoixedoc.vn/san-pham/tay-thang-biker-6-so-gay-dieu-chinh-ngan-dai/
117,https://dochoixedoc.vn/san-pham/tay-thang-cr-g-carbon-f1/
118,https://dochoixedoc.vn/san-pham/tay-thang-cr-g-folding-f1/
119,https://dochoixedoc.vn/san-pham/tay-thang-cr-g-rc2-f1/
120,https://dochoixedoc.vn/san-pham/tay-thang-irc-danh-cho-sh-02-thang-dia/
121,https://dochoixedoc.vn/san-pham/tay-thang-racingboy/
122,https://dochoixedoc.vn/san-pham/tay-thang-racingboy-sh-mong/
123,https://dochoixedoc.vn/san-pham/tay-xach-sh-300i-gan-cho-sh-2017-chinh-hang-zhi-pat/
124,https://dochoixedoc.vn/san-pham/thiet-bi-chong-cuop-bluetooth-cho-smartkey/
125,https://dochoixedoc.vn/san-pham/dan-ao-truoc-v2/
126,https://dochoixedoc.vn/san-pham/vo-remote-smartkey-co-san-pin/
127,https://dochoixedoc.vn/san-pham/xi-nhan-sh-y-chinh-hang-zhi-pat-cao-cap/
128,https://dochoixedoc.vn/san-pham/bao-silicon-bao-ve-smartkey/
129,https://dochoixedoc.vn/san-pham/bao-tay-barracuda-chinh-hang/
130,https://dochoixedoc.vn/san-pham/bao-tay-barracuda-f1/
131,https://dochoixedoc.vn/san-pham/bao-tay-barracuda-cao-su-co-gu-alux-f1/
132,https://dochoixedoc.vn/san-pham/bao-tay-luon-gu-carbon-cao-cap-f1/
133,https://dochoixedoc.vn/san-pham/bao-tay-rizoma-lux-f1/
134,https://dochoixedoc.vn/san-pham/bao-tay-rizoma-sportline-f1/
135,https://dochoixedoc.vn/san-pham/bao-tay-rizoma-urlo-f1/
136,https://dochoixedoc.vn/san-pham/bao-tay-rizoma-2018-cao-cap-luon-gu-f1/
137,https://dochoixedoc.vn/san-pham/bao-tay-xe-may-spider-cao-cap-f1/
138,https://dochoixedoc.vn/san-pham/bo-op-carbon-gan-cho-shvn-2017-2018/
139,https://dochoixedoc.vn/san-pham/bo-tem-thong-so-sh-y/
140,https://dochoixedoc.vn/san-pham/boc-silicon-bao-ve-remote-smartkey-2-nut/
141,https://dochoixedoc.vn/san-pham/chan-chong-cnc-biker/
142,https://dochoixedoc.vn/san-pham/che-heo-dau-truoc-sh/
143,https://dochoixedoc.vn/san-pham/che-ket-nuoc-cnc-sh/
144,https://dochoixedoc.vn/san-pham/che-ket-nuoc-phi-tieu-cnc/
145,https://dochoixedoc.vn/san-pham/den-pha-led-2-tang-wave-asrsrsxfuture-x-chinh-hang-zhi-pat/
146,https://dochoixedoc.vn/san-pham/cong-tac-do-sh300i/
147,https://dochoixedoc.vn/san-pham/den-led-2-tang-exciter-135/
148,https://dochoixedoc.vn/san-pham/den-led-2-tang-exciter-150-bluelightredlight/
149,https://dochoixedoc.vn/san-pham/den-led-2-tang-exciter-150/
150,https://dochoixedoc.vn/san-pham/den-led-2-tang-exciter-150-2019-led-headlamp-sporty-for-exciter-150/
151,https://dochoixedoc.vn/san-pham/den-led-2-tang-exciter-150-bluelight/
152,https://dochoixedoc.vn/san-pham/den-led-headlight-c6-sieu-sang/
153,https://dochoixedoc.vn/san-pham/den-mat-meo-den-phan-quang-xe-may-thuong-hieu-zhi-pat/
154,https://dochoixedoc.vn/san-pham/den-pha-led-2-tang-cho-sirius-fi-chinh-hang-zhi-pat/
155,https://dochoixedoc.vn/san-pham/den-pha-led-2-tang-cho-xe-lead-2013-2016-chinh-hang-zhi-pat/
156,https://dochoixedoc.vn/san-pham/den-pha-led-2-tang-lead-2017-2018-chinh-hang-zhi-pat/
157,https://dochoixedoc.vn/san-pham/den-pha-led-2-tang-sh-viet-chinh-hang-zhi-pat/
158,https://dochoixedoc.vn/san-pham/den-pha-led-2-tang-sh-y-sh-nhap-chinh-hang-zhi-pat/
159,https://dochoixedoc.vn/san-pham/den-pha-led-2-tang-vision-chinh-hang-zhi-pat/
160,https://dochoixedoc.vn/san-pham/dia-galfer-gan-cho-sh-size-zin/
161,https://dochoixedoc.vn/san-pham/dich-vu-dan-phim-chong-tray-bao-ve-xe-may-xprotect/
162,https://dochoixedoc.vn/san-pham/dich-vu-phu-ceramic-xprotect/
163,https://dochoixedoc.vn/san-pham/duoi-den-va-de-sau-v2-cho-shvn-2012-2016-len-sh-y/
164,https://dochoixedoc.vn/san-pham/gac-chan-cnc-biker/
165,https://dochoixedoc.vn/san-pham/gac-chan-cnc-cao-cap-super-higher/
166,https://dochoixedoc.vn/san-pham/gu-racing-r-izoma/
167,https://dochoixedoc.vn/san-pham/gu-barracuda-alux-f1/
168,https://dochoixedoc.vn/san-pham/gu-carbon-cao-cap/
169,https://dochoixedoc.vn/san-pham/gu-chong-do-carbon/
170,https://dochoixedoc.vn/san-pham/gu-driven/
171,https://dochoixedoc.vn/san-pham/gu-driven-carbon-cao-cap/
172,https://dochoixedoc.vn/san-pham/gu-lo-rizoma/
173,https://dochoixedoc.vn/san-pham/gu-takegawa-cao-cap/
174,https://dochoixedoc.vn/san-pham/gu-tru-sh/
175,https://dochoixedoc.vn/san-pham/gu-trung-cao-cap-son-mau-titan/
176,https://dochoixedoc.vn/san-pham/gu-trung-rizoma/
177,https://dochoixedoc.vn/san-pham/gu-vuong-rizoma/
178,https://dochoixedoc.vn/san-pham/gu-xeo-rizoma/
179,https://dochoixedoc.vn/san-pham/khoa-smartkey-farmland-gan-cho-winner/
180,https://dochoixedoc.vn/san-pham/khoa-smartkey-farmland-gan-cho-exciter-150/
181,https://dochoixedoc.vn/san-pham/khoa-smartkey-farmland-gan-cho-air-blade/
182,https://dochoixedoc.vn/san-pham/khoa-thong-minh-smartkey/
183,https://dochoixedoc.vn/san-pham/4447/
184,https://dochoixedoc.vn/san-pham/kinh-chan-gio-mau-trang-sh-2017-sh-125i150i-cao-cap-zhi-pat/
185,https://dochoixedoc.vn/san-pham/kinh-chieu-hau-elisse/
186,https://dochoixedoc.vn/san-pham/kinh-chieu-hau-iphone-r-izoma/
187,https://dochoixedoc.vn/san-pham/kinh-chieu-hau-r-izoma-tron/
188,https://dochoixedoc.vn/san-pham/kinh-chieu-hau-r-izoma-xeo/
189,https://dochoixedoc.vn/san-pham/kinh-gu-crg-cao-cap-f1/
190,https://dochoixedoc.vn/san-pham/led-sieu-sang-xhp70/
191,https://dochoixedoc.vn/san-pham/led-turbo-t1/
192,https://dochoixedoc.vn/san-pham/liqui-moly-dau-nhot-motorbike-4t-scooter-race-10w-40-20826/
193,https://dochoixedoc.vn/san-pham/loc-gio-bmc-cho-airblade-683/
194,https://dochoixedoc.vn/san-pham/loc-gio-bmc-cho-exciter-861/
195,https://dochoixedoc.vn/san-pham/loc-gio-bmc-cho-nvx-982/
196,https://dochoixedoc.vn/san-pham/loc-gio-bmc-cho-winner-938/
197,https://dochoixedoc.vn/san-pham/loc-gio-bmc-sh-italia-470/
198,https://dochoixedoc.vn/san-pham/loc-noi-sh-y-gan-cho-shvn-2012-2018/
199,https://dochoixedoc.vn/san-pham/lop-xe-sau-michelin-city-grip-cho-sh-12080-16/
200,https://dochoixedoc.vn/san-pham/lop-xe-truoc-michelin-city-grip-cho-ab-vario-click-8090-14-2/
201,https://dochoixedoc.vn/san-pham/lop-xe-sau-michelin-pilot-sporty-cho-sh-12080-16/
202,https://dochoixedoc.vn/san-pham/lop-xe-sau-michelin-pilot-street-cho-ab-vario-click-9090-14/
203,https://dochoixedoc.vn/san-pham/lop-xe-truoc-michelin-city-grip-cho-sh-10080-16/
204,https://dochoixedoc.vn/san-pham/lop-xe-truoc-michelin-city-grip-cho-ab-vario-click-8090-14/
205,https://dochoixedoc.vn/san-pham/lop-xe-truoc-michelin-pilot-sporty-cho-sh-10080-16/
206,https://dochoixedoc.vn/san-pham/lop-xe-truoc-michelin-pilot-street-cho-ab-vario-click-8090-14/
207,https://dochoixedoc.vn/san-pham/mam-5-cay-den-bong-gan-cho-shvn-2012-2018-len-sh-y/
208,https://dochoixedoc.vn/san-pham/mam-5-cay-den-mo-gan-cho-shvn-2012-2018-len-sh-y/
209,https://dochoixedoc.vn/san-pham/mam-cnc-ycjs-speed-gan-cho-shvn-2012-2018-len-sh-y/
210,https://dochoixedoc.vn/san-pham/mat-na-gan-cho-sh-2017-2018/
211,https://dochoixedoc.vn/san-pham/moc-giu-day-dau-sau-biker/
212,https://dochoixedoc.vn/san-pham/moc-giu-day-dau-truoc/
213,https://dochoixedoc.vn/san-pham/moc-treo-do-cnc-rizoma-cao-cap-gan-cho-sh/
214,https://dochoixedoc.vn/san-pham/nano-coating-bao-ve-xe-cao-cap-nanonix-7shield-nhat-ban/
215,https://dochoixedoc.vn/san-pham/nap-binh-xang-cnc/
216,https://dochoixedoc.vn/san-pham/nap-binh-xang-cnc-brembo-carbon/
217,https://dochoixedoc.vn/san-pham/nap-binh-xang-gtx-racing/
218,https://dochoixedoc.vn/san-pham/nap-binh-xang-xe-may-cnc-sh-racing/
219,https://dochoixedoc.vn/san-pham/nep-suon-gan-cho-sh-2017-2018/
220,https://dochoixedoc.vn/san-pham/nep-suon-kieu-sh-y-gan-cho-shvn-2017-2018/
221,https://dochoixedoc.vn/san-pham/nuoc-hoa-noi-that-xe-hoi-double-fresh/
222,https://dochoixedoc.vn/san-pham/nut-bit-guong-2-lop-cao-cap-super-higher/
223,https://dochoixedoc.vn/san-pham/nut-bit-guong-carbon-sh/
224,https://dochoixedoc.vn/san-pham/nut-bit-guong-racing-sh/
225,https://dochoixedoc.vn/san-pham/nut-bit-guong-sh/
226,https://dochoixedoc.vn/san-pham/po-e-trong-suot-zhi-pat/
227,https://dochoixedoc.vn/san-pham/op-bau-loc-gio-trong-suot-po-e-danh-cho-nvx-155/
228,https://dochoixedoc.vn/san-pham/op-bau-loc-gio-trong-suot-po-e-danh-cho-sh-2017-2018/
229,https://dochoixedoc.vn/san-pham/op-bau-loc-gio-trong-suot-po-e-danh-cho-vario-2018/
230,https://dochoixedoc.vn/san-pham/op-bau-loc-gio-trong-suot-po-e-danh-cho-vision/
231,https://dochoixedoc.vn/san-pham/op-che-ket-nuoc-phoi-mau-gan-cho-sh-2017-2018/
232,https://dochoixedoc.vn/san-pham/op-po-click-thai-gan-cho-clickvarioabpcxsh2012-2016/
233,https://dochoixedoc.vn/san-pham/op-po-e-bau-loc-gio-trong-suot-mau-chinh-hang-zhi-pat-cao-cap/
234,https://dochoixedoc.vn/san-pham/op-po-sh-viet-nam-chinh-hang-chuan-sh-y-300i-cao-cap-son-airbrush-full/
235,https://dochoixedoc.vn/san-pham/op-po-sh-300i-zhi-pat-gan-cho-sh-300i-2008-2017/
236,https://dochoixedoc.vn/san-pham/op-po-sh-viet-nam-chinh-hang-chuan-sh-y-300i-cao-cap/
237,https://dochoixedoc.vn/san-pham/op-po-sh-viet-nam-chinh-hang-chuan-sh-y-300i-cao-cap-son-airbrush-70/
238,https://dochoixedoc.vn/san-pham/p-po-vario-gan-cho-clickvarioabpcxsh2012-2016/
239,https://dochoixedoc.vn/san-pham/op-suon-co-gac-chan-v2/
240,https://dochoixedoc.vn/san-pham/op-suon-khong-co-gac-chan-v2-danh-cho-shvn-2012-2016/
241,https://dochoixedoc.vn/san-pham/op-suon-mau-sh300i-dan-ao-do-sh2017-len-300i/
242,https://dochoixedoc.vn/san-pham/phuoc-ohlins-sh-300i-chinh-hang/
243,https://dochoixedoc.vn/san-pham/phuoc-ohlins-sh-300i-ho-818-chinh-hang/
244,https://dochoixedoc.vn/san-pham/phuoc-ohlins-sh-yair-bladepcx-chinh-hang/
245,https://dochoixedoc.vn/san-pham/phuoc-ohlins-shvn-2012-2018-chinh-hang/
246,https://dochoixedoc.vn/san-pham/phuoc-ohlins-varioclickshmode-1-lo-xo-chinh-hang/
247,https://dochoixedoc.vn/san-pham/phuoc-ohlins-varioclickshmode-ho-545-chinh-hang/
248,https://dochoixedoc.vn/san-pham/phuoc-oh-lins-f1-gan-cho-sh-y-air-blade-nvx/
249,https://dochoixedoc.vn/san-pham/phuoc-oh-lins-f1/
250,https://dochoixedoc.vn/san-pham/phuoc-rcb-2017-rb-absorber-sh150i-sb-3-series-g-gl/
251,https://dochoixedoc.vn/san-pham/phuoc-rcb-2018-rb-absorber-sh150i-bd-2-series/
252,https://dochoixedoc.vn/san-pham/phuoc-rcb-2018-rb-absorber-sh150i-eb-2-series-g-rd/
253,https://dochoixedoc.vn/san-pham/phuoc-rcb-2018-rb-absorber-sh150i-sb-2-series/
254,https://dochoixedoc.vn/san-pham/phuoc-rcb-sh-y-rb-absorber-airblad-sb-series-g-gl/
255,https://dochoixedoc.vn/san-pham/phuoc-truoc-oh-lins-f1-gan-cho-shvn-2012-2018/
256,https://dochoixedoc.vn/san-pham/phuoc-yss-2018-gan-cho-sh-y-dylan-ps-air-blade/
257,https://dochoixedoc.vn/san-pham/phuoc-yss-2018-gan-cho-shvn-2012-2018/
258,https://dochoixedoc.vn/san-pham/po-air-gan-cho-shvn-len-sh-y/
259,https://dochoixedoc.vn/san-pham/tay-thang-biker-6-so/
260,https://dochoixedoc.vn/san-pham/tay-thang-biker-6-so-gay/
261,https://dochoixedoc.vn/san-pham/tay-thang-biker-6-so-gay-dieu-chinh-ngan-dai/
262,https://dochoixedoc.vn/san-pham/tay-thang-cr-g-carbon-f1/
263,https://dochoixedoc.vn/san-pham/tay-thang-cr-g-folding-f1/
264,https://dochoixedoc.vn/san-pham/tay-thang-cr-g-rc2-f1/
265,https://dochoixedoc.vn/san-pham/tay-thang-irc-danh-cho-sh-02-thang-dia/
266,https://dochoixedoc.vn/san-pham/tay-thang-racingboy/
267,https://dochoixedoc.vn/san-pham/tay-thang-racingboy-sh-mong/
268,https://dochoixedoc.vn/san-pham/tay-xach-sh-300i-gan-cho-sh-2017-chinh-hang-zhi-pat/
269,https://dochoixedoc.vn/san-pham/thiet-bi-chong-cuop-bluetooth-cho-smartkey/
270,https://dochoixedoc.vn/san-pham/dan-ao-truoc-v2/
